t,SP,Ball,Err,P,I,D,U,Ang,Pos,Vel,Blend,Zona
0.0,13.0,23.02,10.02,448.8,0.00,321.3,430.0,5.6,100,42.8,0.00,0
0.094,13.0,23.06,10.06,432.8,0.00,67.6,430.0,17.0,302,3.7,0.00,0
0.187,13.0,23.90,10.90,448.8,0.00,62.0,430.0,23.8,424,33.6,0.00,0
0.28,13.0,23.92,10.92,448.4,0.00,17.7,430.0,24.2,430,2.4,0.00,0
0.456,13.0,22.94,9.94,408.2,0.00,-39.8,430.0,24.2,430,-13.4,0.00,0
0.467,13.0,23.05,10.05,412.4,0.00,-17.9,430.0,24.2,430,12.1,0.00,0
0.56,13.0,23.02,10.02,411.1,0.00,-29.5,430.0,24.2,430,-22.2,0.00,0
0.699,13.0,23.01,10.01,410.8,0.00,-14.1,430.0,24.2,430,-4.4,0.00,0
0.792,13.0,23.50,10.50,431.0,0.00,7.2,430.0,24.2,430,5.8,0.00,0
0.886,13.0,23.01,10.01,411.0,0.00,-11.5,430.0,24.2,430,-2.5,0.00,0
0.978,13.0,22.26,9.26,380.3,0.00,-72.0,430.0,24.2,430,-22.3,0.00,0
1.116,13.0,22.99,9.99,410.2,0.00,2.9,430.0,24.2,430,1.8,0.00,0
1.209,13.0,22.98,9.98,413.5,0.00,28.6,430.0,22.9,408,14.1,0.00,0
1.302,13.0,23.38,10.38,426.1,0.00,7.5,430.0,24.2,430,8.2,0.00,0
1.441,13.0,23.79,10.79,446.7,0.00,77.2,430.0,23.1,411,34.4,0.00,0
1.49,13.0,18.27,5.27,216.6,0.05,-367.6,-395.1,24.0,426,-140.3,0.18,1
1.582,13.0,16.86,3.86,165.9,0.16,-190.9,-222.1,17.0,303,-29.2,0.54,1
1.674,13.0,17.19,4.19,187.7,0.58,-32.9,306.1,5.7,102,25.6,0.45,1
1.814,13.0,16.20,3.20,143.5,0.96,-79.6,-89.0,-4.4,-78,-32.1,0.70,1
1.907,13.0,15.72,2.72,121.6,1.32,-95.2,-58.3,-7.3,-129,-14.1,0.82,1
2.004,13.0,17.08,4.08,183.5,1.62,99.0,360.3,-0.8,-15,30.0,0.48,1
2.093,13.0,13.69,0.69,31.2,1.82,-164.1,-130.2,3.1,55,30.6,1.00,2
2.188,13.0,12.81,-0.19,0.0,1.88,-99.9,-97.1,-0.4,-7,5.2,1.00,2
2.281,13.0,12.12,-0.88,-39.5,1.87,-108.3,-145.1,-6.1,-109,-5.1,1.00,2
2.421,13.0,12.73,-0.27,0.0,1.82,27.3,30.0,-6.6,-118,1.5,1.00,2
2.513,13.0,11.76,-1.24,-55.1,1.69,-26.8,-79.4,-7.9,-141,-18.5,1.00,2
2.607,13.0,11.78,-1.22,-54.3,1.60,-54.0,-105.9,-9.5,-168,73.7,1.00,2
2.701,13.0,24.78,11.78,529.6,0.00,581.9,430.0,-2.2,-39,266.3,0.00,0
2.793,13.0,24.75,11.75,523.5,0.00,153.2,430.0,7.9,141,83.1,0.00,0
2.933,13.0,24.81,11.81,506.8,0.00,14.5,430.0,17.5,312,14.0,0.00,0
3.025,13.0,24.80,11.80,485.3,0.00,-21.6,430.0,24.0,426,0.3,0.00,0
3.117,13.0,24.81,11.81,484.9,0.00,-6.3,430.0,24.2,430,0.1,0.00,0
3.211,13.0,24.84,11.84,485.8,0.00,-22.4,430.0,24.2,430,-14.4,0.00,0
3.305,13.0,24.81,11.81,484.9,0.00,-4.5,430.0,24.2,430,0.6,0.00,0
3.406,13.0,24.75,11.75,482.4,0.00,-16.5,430.0,24.2,430,-11.7,0.00,0
3.494,13.0,24.80,11.80,484.4,0.00,-2.1,430.0,24.2,430,-2.7,0.00,0
3.634,13.0,16.85,3.85,162.7,0.30,-278.3,-270.0,20.1,357,-138.1,0.54,1
3.727,13.0,17.18,4.18,185.4,0.28,-89.3,-201.4,9.8,174,-29.5,0.45,1
3.821,13.0,24.86,11.86,533.7,0.00,412.0,430.0,-0.6,-11,187.0,0.00,0
3.915,13.0,17.16,4.16,186.1,0.13,-386.9,-335.0,-5.7,-102,-186.8,0.46,1
4.008,13.0,17.32,4.32,188.8,0.33,-110.3,-228.0,-13.8,-246,-43.7,0.42,1
4.102,13.0,24.91,11.91,517.2,0.00,318.0,430.0,-15.1,-269,259.1,0.00,0
4.195,13.0,11.73,-1.27,-56.3,-0.00,-642.4,-220.0,-9.5,-169,-247.4,1.00,2
4.334,13.0,11.96,-1.04,-46.1,-0.08,-180.1,-220.0,-10.0,-178,-156.5,1.00,2
4.427,13.0,12.19,-0.81,-36.1,-0.14,-68.7,-104.9,-10.4,-185,-87.4,1.00,2
4.521,13.0,13.53,0.53,0.0,-0.12,-20.4,-20.6,-1.7,-30,-41.8,1.00,2
4.614,13.0,14.93,1.93,85.5,0.05,50.6,136.1,10.0,177,36.3,1.00,2
4.707,13.0,16.42,3.42,144.9,0.38,58.5,284.0,19.5,346,-9.4,0.65,1
4.8,13.0,16.22,3.22,133.9,0.72,-15.8,-53.8,22.3,396,-16.0,0.70,1
4.941,13.0,16.17,3.17,137.7,1.08,-33.6,-57.2,15.4,273,-21.3,0.71,1
5.037,13.0,16.82,3.82,170.7,1.47,5.6,293.0,6.9,123,-5.8,0.54,1
5.126,13.0,16.78,3.78,169.9,1.83,20.8,298.9,3.8,67,-1.0,0.55,1
5.22,13.0,17.45,4.45,199.5,2.29,47.7,360.5,4.7,83,8.4,0.39,1
5.36,13.0,17.97,4.97,218.9,0.40,50.9,388.8,11.7,208,10.0,0.26,1
5.452,13.0,16.85,3.85,161.3,0.34,-80.9,-164.2,21.3,379,-32.9,0.54,1
5.546,13.0,17.85,4.85,198.8,0.09,-62.3,-280.7,24.2,431,-56.6,0.29,1
5.64,13.0,19.54,6.54,277.1,0.00,22.7,430.0,19.7,350,76.6,0.00,0
5.733,13.0,16.96,3.96,172.7,0.29,-156.7,-211.7,14.0,249,-61.7,0.51,1
5.828,13.0,17.16,4.16,187.0,0.72,-40.8,-175.4,3.1,55,-11.5,0.46,1
5.967,13.0,19.08,6.08,271.1,0.00,113.9,430.0,-7.5,-133,55.8,0.00,0
6.059,13.0,19.15,6.15,270.0,0.00,43.4,430.0,-12.8,-228,15.4,0.00,0
6.152,13.0,17.35,4.35,189.7,0.34,-101.7,-128.6,-14.3,-254,-7.5,0.41,1
6.246,13.0,17.90,4.90,218.0,0.05,-17.2,367.0,-8.5,-152,34.8,0.28,1
6.339,13.0,18.20,5.20,234.0,0.05,-201.0,351.0,2.0,35,9.3,0.20,1
6.44,13.0,23.14,10.14,443.8,0.00,76.4,430.0,13.4,239,30.8,0.00,0
6.572,13.0,23.00,10.00,415.2,0.00,9.3,430.0,22.6,402,15.0,0.00,0
6.666,13.0,23.00,10.00,410.5,0.00,-2.6,430.0,24.2,430,-0.4,0.00,0
6.758,13.0,23.01,10.01,411.0,0.00,-0.9,430.0,24.2,430,-0.5,0.00,0
6.852,13.0,23.03,10.03,411.8,0.00,1.0,430.0,24.2,430,1.0,0.00,0
6.946,13.0,22.99,9.99,410.2,0.00,-2.4,430.0,24.2,430,-0.3,0.00,0
7.039,13.0,23.00,10.00,410.6,0.00,-5.1,430.0,24.2,430,-2.5,0.00,0
7.131,13.0,23.02,10.02,411.4,0.00,0.1,430.0,24.2,430,0.7,0.00,0
7.271,13.0,23.86,10.86,445.7,0.00,41.1,430.0,24.2,430,13.7,0.00,0
7.365,13.0,23.01,10.01,410.9,0.00,-38.2,430.0,24.2,430,-24.3,0.00,0
7.459,13.0,23.51,10.51,431.4,0.00,32.7,430.0,24.2,430,11.6,0.00,0
7.552,13.0,23.03,10.03,411.9,0.00,-3.3,430.0,24.2,430,-0.3,0.00,0
7.646,13.0,23.01,10.01,411.0,0.00,-5.2,430.0,24.2,430,-1.8,0.00,0
7.739,13.0,23.01,10.01,410.8,0.00,-2.3,430.0,24.2,430,-1.0,0.00,0
7.832,13.0,22.96,9.96,408.7,0.00,-9.3,430.0,24.2,430,-5.8,0.00,0
7.973,13.0,23.01,10.01,411.1,0.00,-0.9,430.0,24.2,430,-0.1,0.00,0
8.071,13.0,22.99,9.99,409.9,0.00,-31.3,430.0,24.2,430,-19.5,0.00,0
8.159,13.0,23.54,10.54,436.4,0.00,50.2,430.0,23.1,411,16.2,0.00,0
8.253,13.0,23.08,10.08,415.2,0.00,-10.5,430.0,23.7,422,-3.7,0.00,0
8.346,13.0,21.92,8.92,366.3,0.00,-147.2,-450.0,24.2,430,-52.1,0.00,0
8.44,13.0,17.48,4.48,188.7,0.26,-252.1,-302.8,20.6,366,-42.7,0.38,1
8.578,13.0,17.77,4.77,209.7,0.31,-40.3,-259.8,12.4,221,-29.5,0.31,1
8.671,13.0,16.82,3.82,171.9,0.70,-41.5,-133.2,1.0,17,-8.8,0.54,1
8.765,13.0,16.31,3.31,148.1,1.08,-70.6,194.4,-6.8,-121,31.3,0.67,1
8.858,13.0,15.51,2.51,112.8,1.40,-87.2,-33.1,-2.6,-47,-36.1,0.87,1
8.952,13.0,14.51,1.51,67.9,1.61,-90.2,-19.9,0.0,0,36.7,1.00,2
9.045,13.0,13.88,0.88,39.4,1.69,-31.9,10.1,0.2,3,13.9,1.00,2
9.184,13.0,12.05,-0.95,-42.7,1.69,-134.2,-174.3,-5.7,-101,-1.8,1.00,2
9.278,13.0,12.50,-0.50,0.0,1.65,23.2,25.7,-8.9,-159,4.1,1.00,2
9.371,13.0,11.54,-1.46,-65.6,1.53,-57.1,-120.4,-5.3,-95,-25.4,1.00,2
9.47,13.0,11.55,-1.45,-65.0,1.43,-52.7,-115.6,-2.5,-45,60.6,1.00,2
9.556,13.0,23.85,10.85,488.3,0.00,734.2,430.0,0.7,12,467.5,0.00,0
9.649,13.0,24.82,11.82,526.7,0.00,340.3,430.0,7.9,140,225.0,0.00,0
9.788,13.0,24.81,11.81,502.6,0.00,61.6,430.0,19.0,337,15.0,0.00,0
9.881,13.0,25.45,12.45,512.0,0.00,39.9,430.0,24.0,426,25.0,0.00,0
9.974,13.0,25.02,12.02,493.2,0.00,-36.0,430.0,24.2,430,-4.5,0.00,0
10.068,13.0,25.58,12.58,516.6,0.00,35.9,430.0,24.2,430,2.3,0.00,0
10.162,13.0,25.64,12.64,518.8,0.00,11.5,430.0,24.2,430,7.2,0.00,0
10.255,13.0,24.82,11.82,485.3,0.00,-30.1,430.0,24.2,430,-7.6,0.00,0
10.348,13.0,24.81,11.81,484.9,0.00,-9.0,430.0,24.2,430,-0.7,0.00,0
10.487,13.0,24.81,11.81,495.6,0.00,116.4,430.0,21.2,376,25.3,0.00,0
10.581,13.0,23.77,10.77,459.2,0.00,-50.6,430.0,18.6,330,-22.0,0.00,0
10.673,13.0,13.69,0.69,28.3,0.19,-724.5,-220.0,23.4,416,-139.4,1.00,2
10.766,13.0,10.47,-2.53,-107.8,0.02,-335.4,-275.1,19.0,338,-103.8,0.87,1
10.859,13.0,13.03,0.03,0.0,-0.21,140.6,140.3,7.0,124,5.1,1.00,2
10.952,13.0,10.85,-2.15,-96.3,-0.04,-311.7,-235.9,-4.7,-83,-8.8,0.96,1
11.093,13.0,12.12,-0.88,-38.6,0.06,-156.1,-194.6,-12.4,-220,-18.8,1.00,2
11.184,13.0,15.22,2.22,96.6,-0.09,305.6,242.6,-14.9,-264,75.9,0.94,1
11.277,13.0,10.50,-2.50,-111.5,-0.07,-236.7,-271.4,-7.1,-126,-76.6,0.88,1
11.371,13.0,10.88,-2.12,-95.3,-0.19,-127.8,-230.2,-2.4,-42,-32.2,0.97,1
11.465,13.0,12.30,-0.70,-31.4,-0.30,18.4,-13.4,-4.2,-74,-13.6,1.00,2
11.558,13.0,12.06,-0.94,-42.2,-0.34,-45.5,-88.2,-0.8,-14,-11.8,1.00,2
11.697,13.0,13.14,0.14,0.0,-0.38,44.2,43.7,2.7,48,-2.8,1.00,2
11.789,13.0,14.83,1.83,82.4,-0.31,150.3,220.0,1.5,26,54.6,1.00,2
11.882,13.0,14.82,1.82,81.6,-0.20,97.9,179.2,4.6,81,32.8,1.00,2
11.975,13.0,15.16,2.16,95.7,-0.01,55.2,161.8,9.3,166,62.1,0.96,1
12.069,13.0,15.93,2.93,130.7,0.25,56.2,243.7,7.8,139,28.2,0.77,1
12.16,13.0,16.27,3.27,144.8,0.52,62.4,278.6,10.6,189,37.1,0.68,1
12.3,13.0,16.19,3.19,139.5,0.83,13.3,235.9,13.4,239,1.0,0.70,1
12.393,13.0,15.58,2.58,113.0,1.14,-55.0,-14.3,13.4,238,-12.9,0.85,1
12.487,13.0,15.20,2.20,97.6,1.39,-53.7,21.4,9.3,166,-10.1,0.95,1
12.578,13.0,14.23,1.23,55.3,1.59,-89.6,-31.9,3.4,61,10.9,1.00,2
12.671,13.0,14.03,1.03,46.3,1.77,-68.6,-19.6,-0.2,-3,6.7,1.00,2
12.764,13.0,12.89,-0.11,0.0,1.84,-97.0,-94.3,-1.5,-27,-2.3,1.00,2
12.904,13.0,12.51,-0.49,0.0,1.85,-23.6,-20.9,-4.2,-75,-3.4,1.00,2
12.999,13.0,12.27,-0.73,-32.7,1.81,-44.1,-74.1,-6.1,-108,-9.3,1.00,2
13.093,13.0,11.96,-1.04,-46.9,1.77,-54.8,-99.0,-1.9,-34,-10.0,1.00,2
13.186,13.0,12.82,-0.18,0.0,1.72,58.1,60.7,0.3,5,-4.4,1.00,2
13.28,13.0,11.20,-1.80,-80.9,1.56,-65.4,-143.9,-2.9,-52,-31.4,1.00,2
13.373,13.0,11.78,-1.22,-54.7,1.47,-18.1,-70.6,-6.2,-111,-19.7,1.00,2
13.513,13.0,12.10,-0.90,-40.1,1.30,55.6,17.5,-8.3,-147,-12.5,1.00,2
13.605,13.0,12.18,-0.82,-36.6,1.11,86.7,51.8,-8.1,-144,-0.6,1.00,2
13.699,13.0,12.59,-0.41,0.0,0.92,182.5,183.9,-9.4,-167,9.1,1.00,2
13.792,13.0,10.81,-2.19,-98.2,0.77,-67.5,-177.8,-3.8,-67,-35.4,0.95,1
13.885,13.0,11.23,-1.77,-79.7,0.63,-42.3,-121.0,-0.6,-11,-27.3,1.00,2
13.977,13.0,12.75,-0.25,0.0,0.56,96.6,97.5,4.8,85,-14.7,1.00,2
14.071,13.0,11.78,-1.22,-54.8,0.53,-65.3,-119.3,4.6,82,-13.8,1.00,2
14.211,13.0,12.47,-0.53,0.0,0.51,25.8,26.5,-1.0,-18,-4.9,1.00,2
14.305,13.0,13.18,0.18,0.0,0.49,10.7,11.4,-2.3,-41,2.1,1.00,2
14.399,13.0,13.68,0.68,30.6,0.56,25.3,56.7,3.2,56,6.0,1.00,2
14.493,13.0,14.46,1.46,65.4,0.61,93.7,160.1,6.1,108,11.1,1.00,2
14.586,13.0,13.96,0.96,42.8,0.76,-30.5,13.4,7.6,135,44.7,1.00,2
14.679,13.0,13.80,0.80,36.0,0.84,-16.7,20.6,2.2,39,21.6,1.00,2
14.819,13.0,14.59,1.59,71.6,1.02,-1.4,71.7,3.4,61,14.5,1.00,2
14.912,13.0,15.15,2.15,96.0,1.14,67.5,175.4,8.1,144,44.8,0.96,1
15.006,13.0,14.38,1.38,61.8,1.27,13.8,77.4,7.2,128,8.9,1.00,2
15.099,13.0,13.20,0.20,0.0,1.39,-125.6,-123.5,3.4,60,11.9,1.00,2
15.192,13.0,13.83,0.83,37.5,1.45,9.0,48.6,-0.1,-1,9.6,1.00,2
15.285,13.0,13.09,0.09,0.0,1.46,-30.1,-27.9,-2.0,-36,0.6,1.00,2
15.424,13.0,12.13,-0.87,-39.3,1.45,-87.3,-124.4,-0.6,-11,-8.9,1.00,2
15.52,13.0,12.79,-0.21,0.0,1.44,10.0,12.1,-3.5,-62,-0.3,1.00,2
15.612,13.0,11.80,-1.20,-53.9,1.41,-91.5,-143.3,-0.4,-7,-10.0,1.00,2
15.705,13.0,12.49,-0.51,0.0,1.37,37.3,39.3,-3.9,-69,-1.2,1.00,2
15.797,13.0,12.81,-0.19,0.0,1.37,10.4,12.4,1.1,19,1.3,1.00,2
15.891,13.0,11.79,-1.21,-54.5,1.31,-72.9,-125.4,-1.3,-24,-8.4,1.00,2
15.984,13.0,12.11,-0.89,-40.1,1.23,-13.0,-51.2,-5.0,-89,-3.0,1.00,2
16.125,13.0,13.83,0.83,37.5,1.19,126.1,165.5,-1.3,-24,13.4,1.00,2
16.218,13.0,12.47,-0.53,0.0,1.17,23.1,24.9,2.9,51,-0.2,1.00,2
16.312,13.0,12.49,-0.51,0.0,1.17,6.4,8.2,0.5,9,0.1,1.00,2
16.405,13.0,12.79,-0.21,0.0,1.18,-5.5,-3.7,-0.1,-2,1.6,1.00,2
16.499,13.0,12.79,-0.21,0.0,1.18,-1.5,0.3,0.0,0,1.1,1.00,2
16.593,13.0,11.42,-1.58,-70.9,1.04,-53.4,-122.7,-6.0,-107,-8.4,1.00,2
16.733,13.0,11.44,-1.56,-70.0,0.88,-15.4,-84.0,-5.3,-95,-5.1,1.00,2
16.826,13.0,12.80,-0.20,0.0,0.76,122.6,123.7,-3.6,-64,9.1,1.00,2
16.919,13.0,12.48,-0.52,0.0,0.76,34.1,35.3,2.9,51,3.3,1.00,2
17.013,13.0,12.12,-0.88,-39.5,0.74,-62.8,-101.2,0.1,1,-2.2,1.00,2
17.106,13.0,12.12,-0.88,-39.5,0.65,-16.8,-55.3,-4.7,-84,-1.3,1.00,2
17.199,13.0,11.79,-1.21,-54.5,0.55,-25.0,-78.7,-1.2,-22,-3.8,1.00,2
17.293,13.0,12.74,-0.26,0.0,0.53,44.9,45.7,-0.6,-10,4.0,1.00,2
17.433,13.0,12.47,-0.53,0.0,0.53,12.5,13.3,0.9,16,-0.6,1.00,2
17.527,13.0,12.18,-0.82,-36.8,0.50,-54.9,-90.9,0.2,3,-3.6,1.00,2
17.621,13.0,12.51,-0.49,0.0,0.45,33.7,34.4,-4.3,-77,4.2,1.00,2
17.714,13.0,13.15,0.15,0.0,0.37,58.0,58.6,-5.6,-99,7.3,1.00,2
17.807,13.0,14.11,1.11,50.1,0.38,122.6,173.3,0.8,14,10.8,1.00,2
17.9,13.0,13.84,0.84,37.8,0.40,72.1,110.4,0.2,3,11.1,1.00,2
18.04,13.0,12.12,-0.88,-39.3,0.34,-42.8,-81.7,-2.5,-44,-5.1,1.00,2
18.134,13.0,12.12,-0.88,-39.3,0.25,-11.7,-50.6,-3.2,-57,-3.0,1.00,2
18.226,13.0,12.11,-0.89,-40.0,0.16,-5.3,-45.1,-2.6,-46,-2.1,1.00,2
18.32,13.0,13.72,0.72,32.5,0.10,142.9,175.5,-2.1,-37,9.3,1.00,2
18.413,13.0,12.63,-0.37,0.0,0.17,-26.6,-26.3,4.6,82,2.4,1.00,2
18.507,13.0,12.93,-0.07,0.0,0.18,-18.7,-18.4,2.6,46,7.1,1.00,2
18.645,13.0,13.15,0.15,0.0,0.18,-5.2,-4.9,-0.3,-5,2.9,1.00,2
18.738,13.0,12.53,-0.47,0.0,0.09,64.7,64.8,-4.3,-76,-4.3,1.00,2
18.831,13.0,12.13,-0.87,-38.9,0.01,-9.0,-47.9,-3.9,-70,-2.9,1.00,2
18.924,13.0,12.23,-0.77,-34.6,0.03,-73.7,-108.3,3.8,67,0.2,1.00,2
19.016,13.0,12.12,-0.88,-39.5,-0.06,-25.3,-64.9,6.3,112,-4.0,1.00,2
19.109,13.0,12.47,-0.53,0.0,-0.07,22.9,22.8,1.6,29,-0.2,1.00,2
19.249,13.0,12.77,-0.23,0.0,-0.06,1.9,1.8,0.3,5,1.9,1.00,2
19.34,13.0,12.81,-0.19,0.0,-0.06,0.5,0.4,0.0,0,1.3,1.00,2
19.433,13.0,13.10,0.10,0.0,-0.13,42.4,42.2,-3.4,-61,2.0,1.00,2
19.524,13.0,11.79,-1.21,-54.2,-0.25,-25.2,-79.8,-5.8,-103,-4.9,1.00,2
19.617,13.0,11.81,-1.19,-53.3,-0.37,-5.7,-59.6,-3.5,-63,-2.9,1.00,2
19.71,13.0,11.79,-1.21,-54.6,-0.49,-2.8,-58.1,-3.2,-57,-1.8,1.00,2
19.849,13.0,13.21,0.21,0.0,-0.58,95.1,94.2,-2.4,-43,11.5,1.00,2
19.943,13.0,12.81,-0.19,0.0,-0.63,65.8,64.9,3.1,55,6.1,1.00,2
20.036,13.0,11.52,-1.48,-66.7,-0.65,-115.8,-183.5,1.1,19,-5.1,1.00,2
20.129,13.0,13.15,0.15,0.0,-0.76,87.4,86.2,-6.6,-117,9.7,1.00,2
20.222,13.0,13.17,0.17,0.0,-0.76,24.3,23.2,-4.1,-73,6.4,1.00,2
20.315,13.0,13.11,0.11,0.0,-0.76,6.8,5.6,0.6,10,3.3,1.00,2
20.453,13.0,11.84,-1.16,-52.3,-0.79,-98.4,-151.9,-0.3,-6,-4.1,1.00,2
20.546,13.0,12.23,-0.77,-34.4,-0.90,13.9,-21.8,-5.6,-99,-4.3,1.00,2
20.639,13.0,11.62,-1.38,-61.9,-0.92,-104.0,-167.2,-0.8,-14,-4.5,1.00,2
20.732,13.0,12.78,-0.22,0.0,-0.92,12.5,11.2,0.8,14,1.4,1.00,2
20.825,13.0,14.12,1.12,50.3,-0.90,98.3,147.2,0.4,7,13.3,1.00,2
20.919,13.0,12.50,-0.50,0.0,-0.89,-11.5,-12.9,0.0,0,-3.3,1.00,2
21.059,13.0,12.06,-0.94,-42.2,-0.92,-64.0,-107.6,-1.2,-21,-6.2,1.00,2
21.152,13.0,12.12,-0.88,-39.6,-1.01,-16.0,-57.0,-4.3,-77,-3.4,1.00,2
21.246,13.0,12.13,-0.87,-38.9,-1.10,-4.0,-44.5,-2.4,-42,-1.9,1.00,2
21.339,13.0,13.78,0.78,34.9,-1.14,127.5,160.7,-2.3,-41,14.4,1.00,2
21.432,13.0,13.73,0.73,32.8,-1.09,59.8,90.9,4.7,83,1.5,1.00,2
21.525,13.0,12.45,-0.55,0.0,-1.07,-16.7,-18.3,2.2,39,-4.1,1.00,2
21.618,13.0,13.08,0.08,0.0,-1.07,-4.7,-6.3,-0.3,-6,0.5,1.00,2
21.758,13.0,12.47,-0.53,0.0,-1.00,-44.0,-45.5,4.7,83,-6.2,1.00,2
21.851,13.0,12.81,-0.19,0.0,-0.98,-30.1,-31.6,3.2,57,-2.7,1.00,2
21.945,13.0,12.77,-0.23,0.0,-0.98,-8.4,-9.9,-0.8,-15,-1.9,1.00,2
22.038,13.0,11.50,-1.50,-67.4,-1.02,-115.5,-184.5,-0.8,-15,-12.9,1.00,2
22.132,13.0,11.71,-1.29,-57.8,-1.09,-78.3,-137.7,-3.9,-70,-9.0,1.00,2
22.224,13.0,11.75,-1.25,-56.2,-1.21,-20.8,-78.9,-4.9,-87,-5.5,1.00,2
22.364,13.0,11.79,-1.21,-54.2,-1.33,-6.4,-62.6,-3.4,-61,-3.0,1.00,2
22.457,13.0,11.79,-1.21,-54.5,-1.45,-2.6,-59.3,-3.3,-58,-1.9,1.00,2
22.551,13.0,11.79,-1.21,-54.2,-1.57,-0.5,-57.1,-3.0,-54,-1.0,1.00,2
22.643,13.0,11.49,-1.51,-67.8,-1.64,-57.6,-127.8,1.1,20,-5.9,1.00,2
22.735,13.0,13.08,0.08,0.0,-1.75,104.2,101.6,-2.1,-37,11.4,1.00,2
22.828,13.0,13.14,0.14,0.0,-1.76,32.5,29.8,0.1,1,7.7,1.00,2
22.967,13.0,11.80,-1.20,-54.2,-1.83,-51.9,-108.8,-0.7,-13,-6.0,1.00,2
23.061,13.0,12.12,-0.88,-39.4,-1.91,-11.5,-53.7,-4.7,-83,-1.7,1.00,2
23.156,13.0,12.12,-0.88,-39.7,-2.00,-3.0,-45.7,-2.6,-46,-1.1,1.00,2
23.248,13.0,13.36,0.36,0.0,-2.07,73.8,70.7,-2.6,-47,8.1,1.00,2
23.341,13.0,11.79,-1.21,-54.4,-2.18,-24.2,-81.9,-4.4,-79,-3.8,1.00,2
23.434,13.0,11.52,-1.48,-66.5,-2.26,-73.6,-143.5,-1.1,-20,1.0,1.00,2
23.527,13.0,12.80,-0.20,0.0,-2.28,33.1,29.7,3.3,58,4.4,1.00,2
23.667,13.0,12.51,-0.49,0.0,-2.28,9.2,5.8,0.4,7,0.2,1.00,2
23.759,13.0,13.71,0.71,32.0,-2.27,70.9,99.5,0.0,0,7.4,1.00,2
23.852,13.0,12.12,-0.88,-39.3,-2.35,-34.1,-77.0,-4.3,-76,-3.2,1.00,2
23.946,13.0,12.16,-0.84,-37.9,-2.44,-6.7,-48.2,-3.0,-53,-1.7,1.00,2
24.039,13.0,12.15,-0.85,-38.2,-2.52,-1.1,-43.1,-2.5,-45,-1.0,1.00,2
24.132,13.0,12.13,-0.87,-39.2,-2.61,-1.0,-44.1,-2.4,-43,-0.7,1.00,2
24.271,13.0,11.81,-1.19,-53.6,-2.65,-58.3,-115.9,2.9,51,-5.8,1.00,2
24.365,13.0,11.78,-1.22,-54.7,-2.77,-17.9,-76.7,-2.3,-41,-3.8,1.00,2
24.459,13.0,11.78,-1.22,-54.6,-2.90,-4.6,-63.5,-3.7,-65,-2.3,1.00,2
24.552,13.0,13.16,0.16,0.0,-2.95,65.6,61.2,-1.0,-17,10.0,1.00,2
24.645,13.0,13.78,0.78,34.9,-2.95,92.6,123.2,1.6,29,9.1,1.00,2
24.736,13.0,14.40,1.40,63.2,-2.92,128.0,186.7,0.2,3,12.4,1.00,2
24.876,13.0,12.81,-0.19,0.0,-2.84,-52.3,-56.6,6.5,115,-4.3,1.00,2
24.97,13.0,14.34,1.34,60.2,-2.83,112.6,168.5,2.8,50,6.7,1.00,2
25.063,13.0,11.84,-1.16,-52.0,-2.84,-111.6,-167.8,-2.3,-41,-13.0,1.00,2
25.156,13.0,13.46,0.46,0.0,-2.90,40.9,36.6,-7.0,-125,6.1,1.00,2
25.248,13.0,12.12,-0.88,-39.4,-2.97,-28.4,-72.3,-3.5,-62,-5.5,1.00,2
25.34,13.0,13.48,0.48,0.0,-3.01,42.8,38.2,-1.6,-28,8.3,1.00,2
25.48,13.0,11.78,-1.22,-54.9,-3.11,-36.5,-96.1,0.5,8,-6.8,1.00,2
25.572,13.0,11.80,-1.20,-54.0,-3.23,-9.8,-68.6,-3.9,-70,-3.9,1.00,2
25.665,13.0,11.79,-1.21,-54.5,-3.35,-1.9,-61.5,-3.5,-63,-2.5,1.00,2
25.758,13.0,13.19,0.19,0.0,-3.38,50.0,44.9,1.0,18,8.9,1.00,2
25.851,13.0,13.13,0.13,0.0,-3.38,13.9,8.8,1.0,17,4.8,1.00,2
25.943,13.0,11.78,-1.22,-54.7,-3.49,-38.2,-98.2,-5.3,-95,-6.0,1.00,2
26.082,13.0,12.11,-0.89,-40.1,-3.56,-16.4,-61.8,-3.9,-69,-2.6,1.00,2
26.176,13.0,12.14,-0.86,-38.8,-3.65,-1.5,-45.8,-2.9,-51,-1.5,1.00,2
26.27,13.0,12.47,-0.53,0.0,-3.65,28.9,23.4,1.3,23,0.9,1.00,2
26.364,13.0,12.49,-0.51,0.0,-3.65,8.0,2.6,0.2,3,0.7,1.00,2
26.458,13.0,12.48,-0.52,0.0,-3.65,2.2,-3.2,-0.1,-2,0.3,1.00,2
26.55,13.0,12.47,-0.53,0.0,-3.65,0.6,-4.9,-0.2,-4,0.2,1.00,2
26.687,13.0,12.42,-0.58,0.0,-3.65,0.2,-5.3,-0.3,-5,-0.3,1.00,2
26.78,13.0,12.54,-0.46,0.0,-3.62,-28.5,-34.0,1.8,32,4.5,1.00,2
26.873,13.0,12.50,-0.50,0.0,-3.62,-7.9,-13.4,-0.1,-1,-1.4,1.00,2
26.965,13.0,12.48,-0.52,0.0,-3.62,-2.2,-7.6,-0.4,-7,-1.0,1.00,2
27.06,13.0,12.47,-0.53,0.0,-3.62,-0.6,-6.0,-0.3,-6,-0.5,1.00,2
27.153,13.0,12.47,-0.53,0.0,-3.62,-0.2,-5.6,-0.3,-5,-0.4,1.00,2
27.292,13.0,12.47,-0.53,0.0,-3.62,-0.0,-5.5,-0.3,-5,-0.2,1.00,2
27.386,13.0,12.48,-0.52,0.0,-3.62,-0.0,-5.4,-0.3,-5,-0.2,1.00,2
27.478,13.0,12.49,-0.51,0.0,-3.62,-0.0,-5.4,-0.3,-5,0.0,1.00,2
27.571,13.0,12.47,-0.53,0.0,-3.62,-0.0,-5.4,-0.3,-5,-0.1,1.00,2
27.663,13.0,12.49,-0.51,0.0,-3.62,-0.0,-5.4,-0.3,-5,0.2,1.00,2
27.757,13.0,12.46,-0.54,0.0,-3.62,-0.0,-5.4,-0.3,-5,-0.2,1.00,2
27.849,13.0,12.48,-0.52,0.0,-3.62,-0.0,-5.4,-0.3,-5,0.1,1.00,2
27.989,13.0,12.45,-0.55,0.0,-3.62,-0.0,-5.4,-0.3,-5,-0.1,1.00,2
28.083,13.0,12.44,-0.56,0.0,-3.62,-0.0,-5.4,-0.3,-5,-0.3,1.00,2
28.177,13.0,12.48,-0.52,0.0,-3.62,-0.0,-5.4,-0.3,-5,0.2,1.00,2
28.271,13.0,12.51,-0.51,0.0,-3.62,-0.0,-5.4,-0.3,-5,0.3,1.00,2
28.364,13.0,12.49,-0.51,0.0,-3.62,-0.0,-5.4,-0.3,-5,0.1,1.00,2
28.504,13.0,12.47,-0.53,0.0,-3.62,-0.0,-5.4,-0.3,-5,-0.0,1.00,2
28.597,13.0,12.50,-0.50,0.0,-3.62,-0.0,-5.4,-0.3,-5,0.1,1.00,2
28.69,13.0,12.46,-0.54,0.0,-3.62,-0.0,-5.4,-0.3,-5,-0.1,1.00,2
28.782,13.0,12.48,-0.52,0.0,-3.62,-0.0,-5.4,-0.3,-5,0.2,1.00,2
28.876,13.0,12.47,-0.53,0.0,-3.62,-0.0,-5.4,-0.3,-5,-0.0,1.00,2
29.016,13.0,12.49,-0.51,0.0,-3.62,-0.0,-5.4,-0.3,-5,0.1,1.00,2
29.11,13.0,12.46,-0.54,0.0,-3.62,-0.0,-5.4,-0.3,-5,-0.1,1.00,2
29.202,13.0,12.47,-0.53,0.0,-3.62,-0.0,-5.4,-0.3,-5,-0.0,1.00,2
29.295,13.0,12.48,-0.52,0.0,-3.62,-0.0,-5.4,-0.3,-5,0.1,1.00,2
29.387,13.0,12.47,-0.53,0.0,-3.62,-0.0,-5.4,-0.3,-5,0.1,1.00,2
29.526,13.0,12.46,-0.54,0.0,-3.62,-0.0,-5.4,-0.3,-5,-0.1,1.00,2
29.619,13.0,12.47,-0.53,0.0,-3.62,-0.0,-5.4,-0.3,-5,-0.0,1.00,2
29.712,13.0,12.46,-0.54,0.0,-3.62,-0.0,-5.4,-0.3,-5,-0.2,1.00,2
29.805,13.0,12.49,-0.51,0.0,-3.62,-0.0,-5.4,-0.3,-5,0.3,1.00,2
29.898,13.0,12.47,-0.53,0.0,-3.62,-0.0,-5.4,-0.3,-5,-0.0,1.00,2
30.037,13.0,12.48,-0.52,0.0,-3.62,-0.0,-5.4,-0.3,-5,0.1,1.00,2
30.13,13.0,12.50,-0.50,0.0,-3.62,-0.0,-5.4,-0.3,-5,0.2,1.00,2
30.223,13.0,12.49,-0.51,0.0,-3.62,-0.0,-5.4,-0.3,-5,-0.0,1.00,2
30.317,13.0,12.46,-0.54,0.0,-3.62,-0.0,-5.4,-0.3,-5,-0.2,1.00,2
30.408,13.0,12.47,-0.53,0.0,-3.62,-0.0,-5.4,-0.3,-5,-0.0,1.00,2
30.548,13.0,12.47,-0.53,0.0,-3.62,-0.0,-5.4,-0.3,-5,-0.0,1.00,2
30.644,13.0,12.48,-0.52,0.0,-3.62,-0.0,-5.4,-0.3,-5,0.1,1.00,2
30.734,13.0,12.46,-0.54,0.0,-3.62,-0.0,-5.4,-0.3,-5,-0.1,1.00,2
30.829,13.0,12.46,-0.54,0.0,-3.62,-0.0,-5.4,-0.3,-5,-0.0,1.00,2
30.923,13.0,12.48,-0.52,0.0,-3.62,-0.0,-5.4,-0.3,-5,0.2,1.00,2
31.063,13.0,12.49,-0.51,0.0,-3.62,-0.0,-5.4,-0.3,-5,0.1,1.00,2
31.156,13.0,12.48,-0.52,0.0,-3.62,-0.0,-5.4,-0.3,-5,0.0,1.00,2
31.249,13.0,12.48,-0.52,0.0,-3.62,-0.0,-5.4,-0.3,-5,0.2,1.00,2
31.343,13.0,12.46,-0.54,0.0,-3.62,-0.0,-5.4,-0.3,-5,-0.1,1.00,2
31.437,13.0,12.45,-0.55,0.0,-3.62,-0.0,-5.4,-0.3,-5,-0.0,1.00,2
31.53,13.0,12.44,-0.56,0.0,-3.62,-0.0,-5.4,-0.3,-5,-0.4,1.00,2
31.671,13.0,12.50,-0.50,0.0,-3.62,-0.0,-5.4,-0.3,-5,0.2,1.00,2
31.765,13.0,12.45,-0.55,0.0,-3.62,-0.0,-5.4,-0.3,-5,-0.2,1.00,2
31.856,13.0,12.45,-0.55,0.0,-3.62,-0.0,-5.4,-0.3,-5,-0.0,1.00,2
31.949,13.0,12.44,-0.56,0.0,-3.62,-0.0,-5.4,-0.3,-5,-0.0,1.00,2
32.041,13.0,12.43,-0.57,0.0,-3.62,-0.0,-5.4,-0.3,-5,-0.3,1.00,2
32.181,13.0,12.46,-0.54,0.0,-3.62,-0.0,-5.4,-0.3,-5,-0.0,1.00,2
32.276,13.0,12.48,-0.52,0.0,-3.62,-0.0,-5.4,-0.3,-5,0.3,1.00,2
32.366,13.0,12.50,-0.50,0.0,-3.62,-0.0,-5.4,-0.3,-5,0.2,1.00,2
32.459,13.0,12.47,-0.53,0.0,-3.62,-0.0,-5.4,-0.3,-5,0.0,1.00,2
32.553,13.0,12.46,-0.54,0.0,-3.62,-0.0,-5.4,-0.3,-5,-0.0,1.00,2
32.692,13.0,12.47,-0.53,0.0,-3.62,-0.0,-5.4,-0.3,-5,-0.0,1.00,2
